game_id,home_team,away_team,spread_line,projected_margin,fair_spread,spread_edge_pts,home_win_prob,home_ml,away_ml,ml_edge_home,ml_edge_away,recommendation,bet_market,bet_side,bet_odds,confidence
2026_01_DAL_NYG,NYG,DAL,-3.0,-0.302724223329931,-0.5,2.697275776670069,0.49453248687617396,136.0,-162.0,0.08790224103559785,-0.08790224103559796,LEAN NYG +3.0,SPREAD,NYG +3.0,-115.0,Medium
2026_01_NYJ_TEN,TEN,NYJ,1.5,2.6623817673773,2.5,1.1623817673772998,0.5707982370659892,-122.0,102.0,0.0447116518042695,-0.04471165180426939,LEAN TEN -122,MONEYLINE,TEN -122,-122.0,Medium
2026_01_BAL_IND,IND,BAL,-3.5,-2.393764686138008,-2.5,1.1062353138619918,0.44097686422540894,145.0,-175.0,0.05021309868366819,-0.0502130986836683,LEAN IND +145,MONEYLINE,IND +145,145.0,Medium
2026_01_CLE_JAX,JAX,CLE,8.5,7.664515031143136,7.5,-0.8354849688568642,0.6907510610954388,-470.0,360.0,-0.1006105787288657,0.10061057872886572,LEAN CLE +360,MONEYLINE,CLE +360,360.0,High
2026_01_ARI_LAC,LAC,ARI,9.5,10.31321547497531,10.5,0.8132154749753102,0.7461367625209077,-520.0,390.0,-0.05815616677202173,0.05815616677202162,LEAN ARI +390,MONEYLINE,ARI +390,390.0,Medium
2026_01_SF_LA,LA,SF,3.5,2.9999323240349773,3.0,-0.5000676759650227,0.5793509177572336,-198.0,164.0,-0.057553263936888754,0.05755326393688864,LEAN SF +164,MONEYLINE,SF +164,164.0,Medium
2026_01_CHI_CAR,CAR,CHI,-3.0,-2.556314423989797,-2.5,0.443685576010203,0.43687021532563924,136.0,-162.0,0.030239969485063134,-0.030239969485063134,LEAN CAR +136,MONEYLINE,CAR +136,136.0,Medium
2026_01_NO_DET,DET,NO,7.0,6.960852814536237,7.0,-0.03914718546376328,0.6749666761919529,-310.0,250.0,-0.05078583216925103,0.05078583216925109,LEAN NO +250,MONEYLINE,NO +250,250.0,Medium
2026_01_TB_CIN,CIN,TB,3.5,3.5381851737998304,3.5,0.03818517379983044,0.5928903461832464,-205.0,170.0,-0.05183883261698652,0.05183883261698652,LEAN TB +170,MONEYLINE,TB +170,170.0,Medium
