rank,winner,loser,matchup,at_home,win_prob,proj_margin,moneyline,market_favorite,confidence,consistent,trend_adj,selftune_adj,factor_adj,factor_inj,factor_epa,factor_rest,factor_notes,spread_line,raw_margin
10,PIT,CLE,PIT @ CLE,False,0.566135821838287,1.8438884950848256,-154.0,True,slight,True,0.0,0.5,-0.8446765416027592,-0.6728123529411764,-0.1718641886615828,0.0,injuries -0.7 PIT; efficiency -0.2 PIT,-2.5,-1.4992119534820665
1,MIN,MIA,MIA @ MIN,True,0.8513847119869025,11.176662556127452,-510.0,True,strong,True,0.0,0.5,0.0057649995752389604,-0.22165176470588244,0.2274167642811214,0.0,injuries -0.2 MIA; efficiency +0.2 MIN,9.5,10.670897556552212
2,BAL,TEN,TEN @ BAL,True,0.8449742903856959,10.85530868185103,-770.0,True,strong,True,0.0,-0.5,-0.06940210212549708,-0.4168376470588234,0.34743554493332635,0.0,injuries -0.4 TEN; efficiency +0.3 BAL,11.5,11.424710783976527
3,SEA,LAC,LAC @ SEA,True,0.8228368671618055,9.821329408432206,-370.0,True,strong,True,0.0,0.5,1.6283510902733835,1.2939335294117646,0.3344175608616189,0.0,injuries +1.3 SEA; efficiency +0.3 SEA,7.0,7.692978318158822
4,BUF,NE,NE @ BUF,True,0.7959039289096812,8.690689215496363,-350.0,True,strong,True,0.0,0.5,3.0546485986798695,3.0212458823529413,0.03340271632692816,0.0,injuries +3.0 BUF,6.5,5.136040616816493
5,CHI,NYJ,NYJ @ CHI,True,0.7323950714922834,6.399419443578106,-188.0,True,strong,True,0.0,-0.23475306111021688,1.7646133083843265,1.585885294117647,0.2657280142666797,-0.087,injuries +1.6 CHI; efficiency +0.3 CHI,3.5,4.869559196303996
6,DET,CAR,DET @ CAR,False,0.6646921367610781,4.589662711699267,-205.0,True,solid,True,0.0,0.5,-2.52896847546114,-2.42452294117647,-0.10444553428466984,0.0,injuries -2.4 DET; efficiency -0.1 DET,-3.5,-2.560694236238127
7,IND,WAS,IND @ WAS,False,0.6631593732383358,4.544341751241229,-260.0,True,solid,True,0.0,0.5,-2.226750003543491,-2.2165176470588235,-0.01023235648466722,0.0,injuries -2.2 IND,-4.5,-2.8175917476977386
8,KC,LV,KC @ LV,False,0.6523747695060044,4.228527097323874,-210.0,True,solid,True,0.0,0.5,-0.5917848997709783,-0.41973235294117645,-0.17205254682980176,0.0,injuries -0.4 KC; efficiency -0.2 KC,-4.5,-4.136742197552896
9,LA,PHI,LA @ PHI,False,0.6410438459287207,3.9021043005503016,-184.0,True,solid,True,0.0,-0.5,-2.1723118895762425,-1.8807317647058823,-0.20458012487035998,-0.087,injuries -1.9 LA; efficiency -0.2 LA,-3.5,-1.229792410974059
10,HOU,DAL,DAL @ HOU,True,0.5956650476416468,2.3935104086745778,-156.0,True,lean,True,0.0,-0.5,-0.40831544586512514,-0.46852882352941144,0.060213377664286284,0.0,injuries -0.5 DAL,3.0,3.301825854539703
11,SF,DEN,DEN @ SF,True,0.560782258911917,1.4674702812966638,-152.0,True,slight,True,0.0,0.5,-2.0245783678192026,-2.104451176470588,0.0798728086513854,0.0,injuries -2.1 DEN,2.5,2.9920486491158664
12,ARI,NYG,ARI @ NYG,False,0.5270373849131696,0.8195233750167293,-138.0,True,coin flip,True,-1.5,-0.5,-0.9902751165696303,-0.9056294117647057,-0.08464570480492457,0.0,injuries -0.9 ARI,-2.5,2.170751741552901
13,JAX,CIN,JAX @ CIN,False,0.5245237516104039,0.7539793368436734,118.0,False,coin flip,True,0.0,0.5,-1.0058155575868493,-0.6976241176470587,-0.3081914399397905,0.0,injuries -0.7 JAX; efficiency -0.3 JAX,2.5,-0.2481637792568241
14,ATL,NO,ATL @ NO,False,0.5236969640362846,0.7324302154061988,108.0,False,coin flip,True,0.0,-0.5,-1.979139166392172,-1.6967111764705884,-0.021427989921583714,-0.261,injuries -1.7 ATL; rest -0.3 ATL,2.5,1.7467089509859732
15,GB,TB,GB @ TB,False,0.5127755158857114,0.4481599193916783,-156.0,True,coin flip,True,0.0,0.5,1.4567640638040866,1.7843794117647054,-0.06661534796061852,-0.261,injuries +1.8 TB; rest -0.3 GB,-3.0,-2.404923983195765
