date,week,matchup,market,bet_side,line_taken,odds,stake,result,closing_line,closing_odds,model_edge
2026-09-27 00:00:00,3,LV @ NO ,MONEYLINE,AWAY,,156,5,W,,,
2026-09-27 00:00:00,3,BAL @ DAL ,SPREAD,AWAY,-3.5,104,5,L,,,
2026-09-27 00:00:00,3,TEN @ NY ,MONEYLINE,HOME,,-127,5,W,,,
2026-09-27 00:00:00,3,LA @ DEN ,MONEYLINE,AWAY,,-122,5,L,,,
2026-10-03 00:00:00,4,NYJ @ CHI ,MONEYLINE,HOME,,-191,5,W,,,
2026-10-03 00:00:00,4,DET @ CAR ,MONEYLINE,HOME,,174,5,W,,,
2026-10-03 00:00:00,4,JAC @ CIN ,SPREAD,AWAY,2.5,-107,5,W,,,
2026-10-03 00:00:00,4,GB @ TB ,SPREAD,HOME,3.5,-148,5,W,,,
2026-10-03 00:00:00,4,NE @ BUF,MONEYLINE,HOME,,-305,5,L,,,
2026-10-08 00:00:00,5,TB @ DAL ,SPREAD,AWAY,8.5,-107,5,W,,,
