rank,winner,loser,matchup,at_home,win_prob,proj_margin,moneyline,market_favorite,confidence,consistent
1,SF,ARI,ARI @ SF,True,0.7365109030875712,9.814389251744466,-452.0,True,strong,True
2,KC,MIA,KC @ MIA,False,0.6969366740698575,8.275800868657855,-759.0,True,solid,True
3,DET,NYJ,NYJ @ DET,True,0.6945657484841118,7.825479206604473,-325.0,True,solid,True
4,BUF,LAC,LAC @ BUF,True,0.6665475358497872,6.582335480606289,-367.0,True,solid,True
5,GB,ATL,ATL @ GB,True,0.6568867892484246,6.166280338045307,-292.0,True,solid,True
6,SEA,WAS,SEA @ WAS,False,0.635497396418593,5.5210123564508224,-319.0,True,solid,True
7,NYG,TEN,TEN @ NYG,True,0.6115431618647,4.280816550017259,-156.0,True,lean,True
8,BAL,DAL,BAL @ DAL,False,0.58571965011303,3.4617854333745504,-160.0,True,lean,True
9,PHI,CHI,PHI @ CHI,False,0.5587142457205323,2.3850927791068557,-220.0,True,slight,True
10,NO,LV,LV @ NO,True,0.558701958880828,2.180950911959414,-181.0,True,slight,True
11,CIN,PIT,CIN @ PIT,False,0.548491107549436,1.9825998479307805,-187.0,True,slight,True
12,JAX,NE,NE @ JAX,True,0.5467779296437592,1.7158505497879613,-165.0,True,slight,True
13,LA,DEN,LA @ DEN,False,0.539570267806041,1.63315842115588,-140.0,True,slight,True
14,CAR,CLE,CAR @ CLE,False,0.5334513761504196,1.3942869070047925,-149.0,True,slight,True
15,HOU,IND,HOU @ IND,False,0.5309305977766762,1.2960489859150706,-154.0,True,slight,True
16,MIN,TB,MIN @ TB,False,0.527116328190707,1.147571485891943,-121.0,True,coin flip,True
